66826,12/02/14,Harvard University,http://modules.ussquash.com/ssm/pages/leagues/Team_Information.asp?id=11387,11387,9,Dartmouth College,http://modules.ussquash.com/ssm/pages/leagues/Team_Information.asp?id=11411,11411,0
66828,12/07/14,Harvard University,http://modules.ussquash.com/ssm/pages/leagues/Team_Information.asp?id=11387,11387,9,Boston College,http://modules.ussquash.com/ssm/pages/leagues/Team_Information.asp?id=11420,11420,0
66829,01/10/15,Princeton University,http://modules.ussquash.com/ssm/pages/leagues/Team_Information.asp?id=11388,11388,2,Harvard University,http://modules.ussquash.com/ssm/pages/leagues/Team_Information.asp?id=11387,11387,7
66830,01/11/15,University of Pennsylvania,http://modules.ussquash.com/ssm/pages/leagues/Team_Information.asp?id=11399,11399,5,Harvard University,http://modules.ussquash.com/ssm/pages/leagues/Team_Information.asp?id=11387,11387,4
66831,01/12/15,Franklin and Marshall College,http://modules.ussquash.com/ssm/pages/leagues/Team_Information.asp?id=11395,11395,0,Harvard University,http://modules.ussquash.com/ssm/pages/leagues/Team_Information.asp?id=11387,11387,9
67080,01/31/15,Harvard University,http://modules.ussquash.com/ssm/pages/leagues/Team_Information.asp?id=11387,11387,9,Cornell University,http://modules.ussquash.com/ssm/pages/leagues/Team_Information.asp?id=11410,11410,0
75084,01/31/15,Harvard University,http://modules.ussquash.com/ssm/pages/leagues/Team_Information.asp?id=11387,11387,9,Colby College,http://modules.ussquash.com/ssm/pages/leagues/Team_Information.asp?id=11408,11408,0
66835,02/01/15,Harvard University,http://modules.ussquash.com/ssm/pages/leagues/Team_Information.asp?id=11387,11387,9,Columbia University,http://modules.ussquash.com/ssm/pages/leagues/Team_Information.asp?id=11409,11409,0
66836,02/01/15,Harvard University,http://modules.ussquash.com/ssm/pages/leagues/Team_Information.asp?id=11387,11387,8,Stanford University,http://modules.ussquash.com/ssm/pages/leagues/Team_Information.asp?id=11401,11401,1
66837,02/06/15,Harvard University,http://modules.ussquash.com/ssm/pages/leagues/Team_Information.asp?id=11387,11387,9,Yale University,http://modules.ussquash.com/ssm/pages/leagues/Team_Information.asp?id=11400,11400,0
66838,02/08/15,Brown University,http://modules.ussquash.com/ssm/pages/leagues/Team_Information.asp?id=11407,11407,0,Harvard University,http://modules.ussquash.com/ssm/pages/leagues/Team_Information.asp?id=11387,11387,9
76149,02/13/15,Harvard University,http://modules.ussquash.com/ssm/pages/leagues/Team_Information.asp?id=11387,11387,9,George Washington University,http://modules.ussquash.com/ssm/pages/leagues/Team_Information.asp?id=11404,11404,0
76157,02/14/15,Harvard University,http://modules.ussquash.com/ssm/pages/leagues/Team_Information.asp?id=11387,11387,5,Princeton University,http://modules.ussquash.com/ssm/pages/leagues/Team_Information.asp?id=11388,11388,4
69425,11/16/14,Trinity College,http://modules.ussquash.com/ssm/pages/leagues/Team_Information.asp?id=11386,11386,8,Middlebury College,http://modules.ussquash.com/ssm/pages/leagues/Team_Information.asp?id=11412,11412,1
69426,12/07/14,Dartmouth College,http://modules.ussquash.com/ssm/pages/leagues/Team_Information.asp?id=11411,11411,2,Trinity College,http://modules.ussquash.com/ssm/pages/leagues/Team_Information.asp?id=11386,11386,7
66888,01/07/15,Trinity College,http://modules.ussquash.com/ssm/pages/leagues/Team_Information.asp?id=11386,11386,9,Williams College,http://modules.ussquash.com/ssm/pages/leagues/Team_Information.asp?id=11416,11416,0
66853,01/09/15,Trinity College,http://modules.ussquash.com/ssm/pages/leagues/Team_Information.asp?id=11386,11386,9,Columbia University,http://modules.ussquash.com/ssm/pages/leagues/Team_Information.asp?id=11409,11409,0
66881,01/13/15,Drexel University,http://modules.ussquash.com/ssm/pages/leagues/Team_Information.asp?id=11418,11418,0,Trinity College,http://modules.ussquash.com/ssm/pages/leagues/Team_Information.asp?id=11386,11386,9
66882,01/14/15,University of Pennsylvania,http://modules.ussquash.com/ssm/pages/leagues/Team_Information.asp?id=11399,11399,4,Trinity College,http://modules.ussquash.com/ssm/pages/leagues/Team_Information.asp?id=11386,11386,5
66883,01/17/15,Trinity College,http://modules.ussquash.com/ssm/pages/leagues/Team_Information.asp?id=11386,11386,8,St. Lawrence University,http://modules.ussquash.com/ssm/pages/leagues/Team_Information.asp?id=11403,11403,1
66884,01/18/15,Trinity College,http://modules.ussquash.com/ssm/pages/leagues/Team_Information.asp?id=11386,11386,8,Stanford University,http://modules.ussquash.com/ssm/pages/leagues/Team_Information.asp?id=11401,11401,1
66958,01/21/15,Trinity College,http://modules.ussquash.com/ssm/pages/leagues/Team_Information.asp?id=11386,11386,7,Yale University,http://modules.ussquash.com/ssm/pages/leagues/Team_Information.asp?id=11400,11400,2
66886,01/25/15,Cornell University,http://modules.ussquash.com/ssm/pages/leagues/Team_Information.asp?id=11410,11410,0,Trinity College,http://modules.ussquash.com/ssm/pages/leagues/Team_Information.asp?id=11386,11386,9
76006,02/04/15,Harvard University,http://modules.ussquash.com/ssm/pages/leagues/Team_Information.asp?id=11387,11387,8,Trinity College,http://modules.ussquash.com/ssm/pages/leagues/Team_Information.asp?id=11386,11386,1
76046,02/07/15,Colby College,http://modules.ussquash.com/ssm/pages/leagues/Team_Information.asp?id=11408,11408,1,Trinity College,http://modules.ussquash.com/ssm/pages/leagues/Team_Information.asp?id=11386,11386,8
76086,02/08/15,Trinity College,http://modules.ussquash.com/ssm/pages/leagues/Team_Information.asp?id=11386,11386,9,Williams College,http://modules.ussquash.com/ssm/pages/leagues/Team_Information.asp?id=11416,11416,0
76155,02/13/15,Trinity College,http://modules.ussquash.com/ssm/pages/leagues/Team_Information.asp?id=11386,11386,9,Cornell University,http://modules.ussquash.com/ssm/pages/leagues/Team_Information.asp?id=11410,11410,0
76158,02/14/15,Trinity College,http://modules.ussquash.com/ssm/pages/leagues/Team_Information.asp?id=11386,11386,5,University of Pennsylvania,http://modules.ussquash.com/ssm/pages/leagues/Team_Information.asp?id=11399,11399,4
76159,02/15/15,Harvard University,http://modules.ussquash.com/ssm/pages/leagues/Team_Information.asp?id=11387,11387,7,Trinity College,http://modules.ussquash.com/ssm/pages/leagues/Team_Information.asp?id=11386,11386,2
69447,11/22/14,Princeton University,http://modules.ussquash.com/ssm/pages/leagues/Team_Information.asp?id=11388,11388,9,Franklin and Marshall College,http://modules.ussquash.com/ssm/pages/leagues/Team_Information.asp?id=11395,11395,0
70435,11/23/14,Princeton University,http://modules.ussquash.com/ssm/pages/leagues/Team_Information.asp?id=11388,11388,8,Wesleyan University,http://modules.ussquash.com/ssm/pages/leagues/Team_Information.asp?id=11391,11391,1
66927,12/03/14,Princeton University,http://modules.ussquash.com/ssm/pages/leagues/Team_Information.asp?id=11388,11388,9,Drexel University,http://modules.ussquash.com/ssm/pages/leagues/Team_Information.asp?id=11418,11418,0
67718,12/08/14,Princeton University,http://modules.ussquash.com/ssm/pages/leagues/Team_Information.asp?id=11388,11388,9,George Washington University,http://modules.ussquash.com/ssm/pages/leagues/Team_Information.asp?id=11404,11404,0
70436,01/11/15,Princeton University,http://modules.ussquash.com/ssm/pages/leagues/Team_Information.asp?id=11388,11388,9,Dartmouth College,http://modules.ussquash.com/ssm/pages/leagues/Team_Information.asp?id=11411,11411,0
70437,01/28/15,Princeton University,http://modules.ussquash.com/ssm/pages/leagues/Team_Information.asp?id=11388,11388,3,University of Pennsylvania,http://modules.ussquash.com/ssm/pages/leagues/Team_Information.asp?id=11399,11399,6
70441,01/30/15,Princeton University,http://modules.ussquash.com/ssm/pages/leagues/Team_Information.asp?id=11388,11388,9,Stanford University,http://modules.ussquash.com/ssm/pages/leagues/Team_Information.asp?id=11401,11401,0
70442,01/31/15,Brown University,http://modules.ussquash.com/ssm/pages/leagues/Team_Information.asp?id=11407,11407,0,Princeton University,http://modules.ussquash.com/ssm/pages/leagues/Team_Information.asp?id=11388,11388,9
70444,02/01/15,Yale University,http://modules.ussquash.com/ssm/pages/leagues/Team_Information.asp?id=11400,11400,4,Princeton University,http://modules.ussquash.com/ssm/pages/leagues/Team_Information.asp?id=11388,11388,5
66860,02/06/15,Princeton University,http://modules.ussquash.com/ssm/pages/leagues/Team_Information.asp?id=11388,11388,9,Columbia University,http://modules.ussquash.com/ssm/pages/leagues/Team_Information.asp?id=11409,11409,0
67083,02/08/15,Cornell University,http://modules.ussquash.com/ssm/pages/leagues/Team_Information.asp?id=11410,11410,1,Princeton University,http://modules.ussquash.com/ssm/pages/leagues/Team_Information.asp?id=11388,11388,8
76154,02/13/15,Yale University,http://modules.ussquash.com/ssm/pages/leagues/Team_Information.asp?id=11400,11400,3,Princeton University,http://modules.ussquash.com/ssm/pages/leagues/Team_Information.asp?id=11388,11388,5
76160,02/15/15,Princeton University,http://modules.ussquash.com/ssm/pages/leagues/Team_Information.asp?id=11388,11388,5,University of Pennsylvania,http://modules.ussquash.com/ssm/pages/leagues/Team_Information.asp?id=11399,11399,4
67632,11/22/14,Colby College,http://modules.ussquash.com/ssm/pages/leagues/Team_Information.asp?id=11408,11408,0,University of Pennsylvania,http://modules.ussquash.com/ssm/pages/leagues/Team_Information.asp?id=11399,11399,9
70454,01/03/15,Stanford University,http://modules.ussquash.com/ssm/pages/leagues/Team_Information.asp?id=11401,11401,0,University of Pennsylvania,http://modules.ussquash.com/ssm/pages/leagues/Team_Information.asp?id=11399,11399,9
70455,01/04/15,University of Pennsylvania,http://modules.ussquash.com/ssm/pages/leagues/Team_Information.asp?id=11399,11399,9,George Washington University,http://modules.ussquash.com/ssm/pages/leagues/Team_Information.asp?id=11404,11404,0
74036,01/10/15,University of Pennsylvania,http://modules.ussquash.com/ssm/pages/leagues/Team_Information.asp?id=11399,11399,9,Dartmouth College,http://modules.ussquash.com/ssm/pages/leagues/Team_Information.asp?id=11411,11411,0
66929,01/20/15,Drexel University,http://modules.ussquash.com/ssm/pages/leagues/Team_Information.asp?id=11418,11418,0,University of Pennsylvania,http://modules.ussquash.com/ssm/pages/leagues/Team_Information.asp?id=11399,11399,9
66960,01/31/15,Yale University,http://modules.ussquash.com/ssm/pages/leagues/Team_Information.asp?id=11400,11400,3,University of Pennsylvania,http://modules.ussquash.com/ssm/pages/leagues/Team_Information.asp?id=11399,11399,6
67044,02/01/15,Brown University,http://modules.ussquash.com/ssm/pages/leagues/Team_Information.asp?id=11407,11407,1,University of Pennsylvania,http://modules.ussquash.com/ssm/pages/leagues/Team_Information.asp?id=11399,11399,8
67082,02/06/15,University of Pennsylvania,http://modules.ussquash.com/ssm/pages/leagues/Team_Information.asp?id=11399,11399,8,Cornell University,http://modules.ussquash.com/ssm/pages/leagues/Team_Information.asp?id=11410,11410,1
66861,02/08/15,Columbia University,http://modules.ussquash.com/ssm/pages/leagues/Team_Information.asp?id=11409,11409,0,University of Pennsylvania,http://modules.ussquash.com/ssm/pages/leagues/Team_Information.asp?id=11399,11399,9
76156,02/13/15,Columbia University,http://modules.ussquash.com/ssm/pages/leagues/Team_Information.asp?id=11409,11409,0,University of Pennsylvania,http://modules.ussquash.com/ssm/pages/leagues/Team_Information.asp?id=11399,11399,9
66953,01/07/15,Yale University,http://modules.ussquash.com/ssm/pages/leagues/Team_Information.asp?id=11400,11400,9,Williams College,http://modules.ussquash.com/ssm/pages/leagues/Team_Information.asp?id=11416,11416,0
66854,01/10/15,Columbia University,http://modules.ussquash.com/ssm/pages/leagues/Team_Information.asp?id=11409,11409,0,Yale University,http://modules.ussquash.com/ssm/pages/leagues/Team_Information.asp?id=11400,11400,9
66954,01/11/15,Cornell University,http://modules.ussquash.com/ssm/pages/leagues/Team_Information.asp?id=11410,11410,3,Yale University,http://modules.ussquash.com/ssm/pages/leagues/Team_Information.asp?id=11400,11400,6
66955,01/17/15,Yale University,http://modules.ussquash.com/ssm/pages/leagues/Team_Information.asp?id=11400,11400,9,Middlebury College,http://modules.ussquash.com/ssm/pages/leagues/Team_Information.asp?id=11412,11412,0
66956,01/17/15,Yale University,http://modules.ussquash.com/ssm/pages/leagues/Team_Information.asp?id=11400,11400,9,Stanford University,http://modules.ussquash.com/ssm/pages/leagues/Team_Information.asp?id=11401,11401,0
66957,01/18/15,Yale University,http://modules.ussquash.com/ssm/pages/leagues/Team_Information.asp?id=11400,11400,9,St. Lawrence University,http://modules.ussquash.com/ssm/pages/leagues/Team_Information.asp?id=11403,11403,0
66959,01/25/15,George Washington University,http://modules.ussquash.com/ssm/pages/leagues/Team_Information.asp?id=11404,11404,1,Yale University,http://modules.ussquash.com/ssm/pages/leagues/Team_Information.asp?id=11400,11400,8
66962,02/04/15,Yale University,http://modules.ussquash.com/ssm/pages/leagues/Team_Information.asp?id=11400,11400,9,Brown University,http://modules.ussquash.com/ssm/pages/leagues/Team_Information.asp?id=11407,11407,0
66963,02/08/15,Yale University,http://modules.ussquash.com/ssm/pages/leagues/Team_Information.asp?id=11400,11400,9,Dartmouth College,http://modules.ussquash.com/ssm/pages/leagues/Team_Information.asp?id=11411,11411,0
76150,02/14/15,George Washington University,http://modules.ussquash.com/ssm/pages/leagues/Team_Information.asp?id=11404,11404,0,Yale University,http://modules.ussquash.com/ssm/pages/leagues/Team_Information.asp?id=11400,11400,9
76152,02/15/15,Yale University,http://modules.ussquash.com/ssm/pages/leagues/Team_Information.asp?id=11400,11400,6,Cornell University,http://modules.ussquash.com/ssm/pages/leagues/Team_Information.asp?id=11410,11410,3
67076,11/21/14,Cornell University,http://modules.ussquash.com/ssm/pages/leagues/Team_Information.asp?id=11410,11410,9,Williams College,http://modules.ussquash.com/ssm/pages/leagues/Team_Information.asp?id=11416,11416,0
66931,01/24/15,Cornell University,http://modules.ussquash.com/ssm/pages/leagues/Team_Information.asp?id=11410,11410,7,Drexel University,http://modules.ussquash.com/ssm/pages/leagues/Team_Information.asp?id=11418,11418,2
67081,02/01/15,Dartmouth College,http://modules.ussquash.com/ssm/pages/leagues/Team_Information.asp?id=11411,11411,1,Cornell University,http://modules.ussquash.com/ssm/pages/leagues/Team_Information.asp?id=11410,11410,8
67716,11/07/14,George Washington University,http://modules.ussquash.com/ssm/pages/leagues/Team_Information.asp?id=11404,11404,9,Georgetown University,http://modules.ussquash.com/ssm/pages/leagues/Team_Information.asp?id=11417,11417,0
67077,11/22/14,Cornell University,http://modules.ussquash.com/ssm/pages/leagues/Team_Information.asp?id=11410,11410,9,George Washington University,http://modules.ussquash.com/ssm/pages/leagues/Team_Information.asp?id=11404,11404,0
67720,01/17/15,George Washington University,http://modules.ussquash.com/ssm/pages/leagues/Team_Information.asp?id=11404,11404,8,Williams College,http://modules.ussquash.com/ssm/pages/leagues/Team_Information.asp?id=11416,11416,1
67721,01/18/15,Dartmouth College,http://modules.ussquash.com/ssm/pages/leagues/Team_Information.asp?id=11411,11411,5,George Washington University,http://modules.ussquash.com/ssm/pages/leagues/Team_Information.asp?id=11404,11404,4
67012,01/18/15,Middlebury College,http://modules.ussquash.com/ssm/pages/leagues/Team_Information.asp?id=11412,11412,1,George Washington University,http://modules.ussquash.com/ssm/pages/leagues/Team_Information.asp?id=11404,11404,8
66858,01/25/15,George Washington University,http://modules.ussquash.com/ssm/pages/leagues/Team_Information.asp?id=11404,11404,5,Columbia University,http://modules.ussquash.com/ssm/pages/leagues/Team_Information.asp?id=11409,11409,4
67725,02/07/15,George Washington University,http://modules.ussquash.com/ssm/pages/leagues/Team_Information.asp?id=11404,11404,9,University of Virginia,http://modules.ussquash.com/ssm/pages/leagues/Team_Information.asp?id=11415,11415,0
66935,02/07/15,George Washington University,http://modules.ussquash.com/ssm/pages/leagues/Team_Information.asp?id=11404,11404,6,Drexel University,http://modules.ussquash.com/ssm/pages/leagues/Team_Information.asp?id=11418,11418,3
66850,11/22/14,Drexel University,http://modules.ussquash.com/ssm/pages/leagues/Team_Information.asp?id=11418,11418,2,Columbia University,http://modules.ussquash.com/ssm/pages/leagues/Team_Information.asp?id=11409,11409,7
66852,12/07/14,Columbia University,http://modules.ussquash.com/ssm/pages/leagues/Team_Information.asp?id=11409,11409,0,Cornell University,http://modules.ussquash.com/ssm/pages/leagues/Team_Information.asp?id=11410,11410,9
66857,01/17/15,Columbia University,http://modules.ussquash.com/ssm/pages/leagues/Team_Information.asp?id=11409,11409,7,Middlebury College,http://modules.ussquash.com/ssm/pages/leagues/Team_Information.asp?id=11412,11412,2
66859,01/31/15,Dartmouth College,http://modules.ussquash.com/ssm/pages/leagues/Team_Information.asp?id=11411,11411,3,Columbia University,http://modules.ussquash.com/ssm/pages/leagues/Team_Information.asp?id=11409,11409,6
76151,02/14/15,Cornell University,http://modules.ussquash.com/ssm/pages/leagues/Team_Information.asp?id=11410,11410,8,Columbia University,http://modules.ussquash.com/ssm/pages/leagues/Team_Information.asp?id=11409,11409,1
67717,11/22/14,George Washington University,http://modules.ussquash.com/ssm/pages/leagues/Team_Information.asp?id=11404,11404,3,Stanford University,http://modules.ussquash.com/ssm/pages/leagues/Team_Information.asp?id=11401,11401,6
71033,11/22/14,Stanford University,http://modules.ussquash.com/ssm/pages/leagues/Team_Information.asp?id=11401,11401,8,Williams College,http://modules.ussquash.com/ssm/pages/leagues/Team_Information.asp?id=11416,11416,1
67078,11/23/14,Cornell University,http://modules.ussquash.com/ssm/pages/leagues/Team_Information.asp?id=11410,11410,9,Stanford University,http://modules.ussquash.com/ssm/pages/leagues/Team_Information.asp?id=11401,11401,0
71034,01/05/15,Stanford University,http://modules.ussquash.com/ssm/pages/leagues/Team_Information.asp?id=11401,11401,4,George Washington University,http://modules.ussquash.com/ssm/pages/leagues/Team_Information.asp?id=11404,11404,5
66856,01/16/15,Columbia University,http://modules.ussquash.com/ssm/pages/leagues/Team_Information.asp?id=11409,11409,5,Stanford University,http://modules.ussquash.com/ssm/pages/leagues/Team_Information.asp?id=11401,11401,4
71035,01/17/15,Stanford University,http://modules.ussquash.com/ssm/pages/leagues/Team_Information.asp?id=11401,11401,2,Dartmouth College,http://modules.ussquash.com/ssm/pages/leagues/Team_Information.asp?id=11411,11411,7
71036,01/31/15,Brown University,http://modules.ussquash.com/ssm/pages/leagues/Team_Information.asp?id=11407,11407,4,Stanford University,http://modules.ussquash.com/ssm/pages/leagues/Team_Information.asp?id=11401,11401,5
76171,02/13/15,Drexel University,http://modules.ussquash.com/ssm/pages/leagues/Team_Information.asp?id=11418,11418,2,Stanford University,http://modules.ussquash.com/ssm/pages/leagues/Team_Information.asp?id=11401,11401,7
76173,02/14/15,Brown University,http://modules.ussquash.com/ssm/pages/leagues/Team_Information.asp?id=11407,11407,3,Stanford University,http://modules.ussquash.com/ssm/pages/leagues/Team_Information.asp?id=11401,11401,6
76174,02/15/15,Dartmouth College,http://modules.ussquash.com/ssm/pages/leagues/Team_Information.asp?id=11411,11411,3,Stanford University,http://modules.ussquash.com/ssm/pages/leagues/Team_Information.asp?id=11401,11401,6
66928,01/09/15,Drexel University,http://modules.ussquash.com/ssm/pages/leagues/Team_Information.asp?id=11418,11418,4,Dartmouth College,http://modules.ussquash.com/ssm/pages/leagues/Team_Information.asp?id=11411,11411,5
66973,02/11/15,Dartmouth College,http://modules.ussquash.com/ssm/pages/leagues/Team_Information.asp?id=11411,11411,6,Williams College,http://modules.ussquash.com/ssm/pages/leagues/Team_Information.asp?id=11416,11416,3
76172,02/14/15,Dartmouth College,http://modules.ussquash.com/ssm/pages/leagues/Team_Information.asp?id=11411,11411,7,Williams College,http://modules.ussquash.com/ssm/pages/leagues/Team_Information.asp?id=11416,11416,2
67038,01/10/15,Cornell University,http://modules.ussquash.com/ssm/pages/leagues/Team_Information.asp?id=11410,11410,9,Brown University,http://modules.ussquash.com/ssm/pages/leagues/Team_Information.asp?id=11407,11407,0
66855,01/11/15,Columbia University,http://modules.ussquash.com/ssm/pages/leagues/Team_Information.asp?id=11409,11409,8,Brown University,http://modules.ussquash.com/ssm/pages/leagues/Team_Information.asp?id=11407,11407,1
67641,01/23/15,Brown University,http://modules.ussquash.com/ssm/pages/leagues/Team_Information.asp?id=11407,11407,9,Colby College,http://modules.ussquash.com/ssm/pages/leagues/Team_Information.asp?id=11408,11408,0
66971,01/30/15,Brown University,http://modules.ussquash.com/ssm/pages/leagues/Team_Information.asp?id=11407,11407,7,Williams College,http://modules.ussquash.com/ssm/pages/leagues/Team_Information.asp?id=11416,11416,2
67046,02/06/15,Dartmouth College,http://modules.ussquash.com/ssm/pages/leagues/Team_Information.asp?id=11411,11411,6,Brown University,http://modules.ussquash.com/ssm/pages/leagues/Team_Information.asp?id=11407,11407,3
76175,02/15/15,Williams College,http://modules.ussquash.com/ssm/pages/leagues/Team_Information.asp?id=11416,11416,2,Brown University,http://modules.ussquash.com/ssm/pages/leagues/Team_Information.asp?id=11407,11407,7
66972,01/17/15,Georgetown University,http://modules.ussquash.com/ssm/pages/leagues/Team_Information.asp?id=11417,11417,0,Williams College,http://modules.ussquash.com/ssm/pages/leagues/Team_Information.asp?id=11416,11416,9
66934,01/31/15,Williams College,http://modules.ussquash.com/ssm/pages/leagues/Team_Information.asp?id=11416,11416,6,Drexel University,http://modules.ussquash.com/ssm/pages/leagues/Team_Information.asp?id=11418,11418,3
67008,11/23/14,Middlebury College,http://modules.ussquash.com/ssm/pages/leagues/Team_Information.asp?id=11412,11412,9,Tufts University,http://modules.ussquash.com/ssm/pages/leagues/Team_Information.asp?id=11414,11414,0
67011,01/11/15,Middlebury College,http://modules.ussquash.com/ssm/pages/leagues/Team_Information.asp?id=11412,11412,9,Mount Holyoke College,http://modules.ussquash.com/ssm/pages/leagues/Team_Information.asp?id=11413,11413,0
66970,01/28/15,Middlebury College,http://modules.ussquash.com/ssm/pages/leagues/Team_Information.asp?id=11412,11412,4,Williams College,http://modules.ussquash.com/ssm/pages/leagues/Team_Information.asp?id=11416,11416,5
66933,01/30/15,Middlebury College,http://modules.ussquash.com/ssm/pages/leagues/Team_Information.asp?id=11412,11412,6,Drexel University,http://modules.ussquash.com/ssm/pages/leagues/Team_Information.asp?id=11418,11418,3
76050,02/07/15,Williams College,http://modules.ussquash.com/ssm/pages/leagues/Team_Information.asp?id=11416,11416,5,Middlebury College,http://modules.ussquash.com/ssm/pages/leagues/Team_Information.asp?id=11412,11412,2
76169,02/13/15,Middlebury College,http://modules.ussquash.com/ssm/pages/leagues/Team_Information.asp?id=11412,11412,2,Williams College,http://modules.ussquash.com/ssm/pages/leagues/Team_Information.asp?id=11416,11416,7
66932,01/25/15,University of Rochester,http://modules.ussquash.com/ssm/pages/leagues/Team_Information.asp?id=11422,11422,0,Drexel University,http://modules.ussquash.com/ssm/pages/leagues/Team_Information.asp?id=11418,11418,9
70830,02/06/15,Drexel University,http://modules.ussquash.com/ssm/pages/leagues/Team_Information.asp?id=11418,11418,9,Dickinson College,http://modules.ussquash.com/ssm/pages/leagues/Team_Information.asp?id=11433,11433,0
66878,11/15/14,Trinity College,http://modules.ussquash.com/ssm/pages/leagues/Team_Information.asp?id=11386,11386,8,Bates College,http://modules.ussquash.com/ssm/pages/leagues/Team_Information.asp?id=11384,11384,0
67064,11/15/14,Connecticut College,http://modules.ussquash.com/ssm/pages/leagues/Team_Information.asp?id=11389,11389,2,Bates College,http://modules.ussquash.com/ssm/pages/leagues/Team_Information.asp?id=11384,11384,7
69211,11/16/14,Wesleyan University,http://modules.ussquash.com/ssm/pages/leagues/Team_Information.asp?id=11391,11391,3,Bates College,http://modules.ussquash.com/ssm/pages/leagues/Team_Information.asp?id=11384,11384,6
69212,11/16/14,Bates College,http://modules.ussquash.com/ssm/pages/leagues/Team_Information.asp?id=11384,11384,7,Hamilton College,http://modules.ussquash.com/ssm/pages/leagues/Team_Information.asp?id=11396,11396,2
69213,11/22/14,Bates College,http://modules.ussquash.com/ssm/pages/leagues/Team_Information.asp?id=11384,11384,0,University of Pennsylvania,http://modules.ussquash.com/ssm/pages/leagues/Team_Information.asp?id=11399,11399,9
67719,01/03/15,Bates College,http://modules.ussquash.com/ssm/pages/leagues/Team_Information.asp?id=11384,11384,1,George Washington University,http://modules.ussquash.com/ssm/pages/leagues/Team_Information.asp?id=11404,11404,8
69215,01/03/15,Stanford University,http://modules.ussquash.com/ssm/pages/leagues/Team_Information.asp?id=11401,11401,8,Bates College,http://modules.ussquash.com/ssm/pages/leagues/Team_Information.asp?id=11384,11384,1
69216,01/10/15,Mount Holyoke College,http://modules.ussquash.com/ssm/pages/leagues/Team_Information.asp?id=11413,11413,0,Bates College,http://modules.ussquash.com/ssm/pages/leagues/Team_Information.asp?id=11384,11384,9
69217,01/10/15,Amherst College,http://modules.ussquash.com/ssm/pages/leagues/Team_Information.asp?id=11406,11406,2,Bates College,http://modules.ussquash.com/ssm/pages/leagues/Team_Information.asp?id=11384,11384,7
69218,01/11/15,Williams College,http://modules.ussquash.com/ssm/pages/leagues/Team_Information.asp?id=11416,11416,5,Bates College,http://modules.ussquash.com/ssm/pages/leagues/Team_Information.asp?id=11384,11384,4
69219,01/13/15,Bates College,http://modules.ussquash.com/ssm/pages/leagues/Team_Information.asp?id=11384,11384,6,Tufts University,http://modules.ussquash.com/ssm/pages/leagues/Team_Information.asp?id=11414,11414,3
69220,01/24/15,Bates College,http://modules.ussquash.com/ssm/pages/leagues/Team_Information.asp?id=11384,11384,4,Franklin and Marshall College,http://modules.ussquash.com/ssm/pages/leagues/Team_Information.asp?id=11395,11395,5
69221,01/24/15,Middlebury College,http://modules.ussquash.com/ssm/pages/leagues/Team_Information.asp?id=11412,11412,8,Bates College,http://modules.ussquash.com/ssm/pages/leagues/Team_Information.asp?id=11384,11384,1
69222,01/25/15,Dartmouth College,http://modules.ussquash.com/ssm/pages/leagues/Team_Information.asp?id=11411,11411,7,Bates College,http://modules.ussquash.com/ssm/pages/leagues/Team_Information.asp?id=11384,11384,2
69214,01/30/15,Bates College,http://modules.ussquash.com/ssm/pages/leagues/Team_Information.asp?id=11384,11384,6,Bowdoin College,http://modules.ussquash.com/ssm/pages/leagues/Team_Information.asp?id=11385,11385,3
69223,01/31/15,Bates College,http://modules.ussquash.com/ssm/pages/leagues/Team_Information.asp?id=11384,11384,7,Wellesley College,http://modules.ussquash.com/ssm/pages/leagues/Team_Information.asp?id=11393,11393,2
69224,02/04/15,Colby College,http://modules.ussquash.com/ssm/pages/leagues/Team_Information.asp?id=11408,11408,2,Bates College,http://modules.ussquash.com/ssm/pages/leagues/Team_Information.asp?id=11384,11384,7
76048,02/07/15,Amherst College,http://modules.ussquash.com/ssm/pages/leagues/Team_Information.asp?id=11406,11406,3,Bates College,http://modules.ussquash.com/ssm/pages/leagues/Team_Information.asp?id=11384,11384,6
76049,02/07/15,Trinity College,http://modules.ussquash.com/ssm/pages/leagues/Team_Information.asp?id=11386,11386,9,Bates College,http://modules.ussquash.com/ssm/pages/leagues/Team_Information.asp?id=11384,11384,0
76087,02/08/15,Middlebury College,http://modules.ussquash.com/ssm/pages/leagues/Team_Information.asp?id=11412,11412,7,Bates College,http://modules.ussquash.com/ssm/pages/leagues/Team_Information.asp?id=11384,11384,2
76164,02/13/15,Dartmouth College,http://modules.ussquash.com/ssm/pages/leagues/Team_Information.asp?id=11411,11411,6,Bates College,http://modules.ussquash.com/ssm/pages/leagues/Team_Information.asp?id=11384,11384,3
76165,02/14/15,Bates College,http://modules.ussquash.com/ssm/pages/leagues/Team_Information.asp?id=11384,11384,2,Middlebury College,http://modules.ussquash.com/ssm/pages/leagues/Team_Information.asp?id=11412,11412,7
66865,11/14/14,Haverford College,http://modules.ussquash.com/ssm/pages/leagues/Team_Information.asp?id=11397,11397,0,Franklin and Marshall College,http://modules.ussquash.com/ssm/pages/leagues/Team_Information.asp?id=11395,11395,9
66926,11/19/14,Franklin and Marshall College,http://modules.ussquash.com/ssm/pages/leagues/Team_Information.asp?id=11395,11395,7,Drexel University,http://modules.ussquash.com/ssm/pages/leagues/Team_Information.asp?id=11418,11418,2
69446,11/23/14,Franklin and Marshall College,http://modules.ussquash.com/ssm/pages/leagues/Team_Information.asp?id=11395,11395,9,Dickinson College,http://modules.ussquash.com/ssm/pages/leagues/Team_Information.asp?id=11433,11433,0
66851,11/23/14,Franklin and Marshall College,http://modules.ussquash.com/ssm/pages/leagues/Team_Information.asp?id=11395,11395,2,Columbia University,http://modules.ussquash.com/ssm/pages/leagues/Team_Information.asp?id=11409,11409,7
66952,12/06/14,Yale University,http://modules.ussquash.com/ssm/pages/leagues/Team_Information.asp?id=11400,11400,9,Franklin and Marshall College,http://modules.ussquash.com/ssm/pages/leagues/Team_Information.asp?id=11395,11395,0
66969,01/16/15,Franklin and Marshall College,http://modules.ussquash.com/ssm/pages/leagues/Team_Information.asp?id=11395,11395,1,Williams College,http://modules.ussquash.com/ssm/pages/leagues/Team_Information.asp?id=11416,11416,8
69449,01/25/15,Franklin and Marshall College,http://modules.ussquash.com/ssm/pages/leagues/Team_Information.asp?id=11395,11395,8,Hamilton College,http://modules.ussquash.com/ssm/pages/leagues/Team_Information.asp?id=11396,11396,1
67016,01/25/15,Middlebury College,http://modules.ussquash.com/ssm/pages/leagues/Team_Information.asp?id=11412,11412,7,Franklin and Marshall College,http://modules.ussquash.com/ssm/pages/leagues/Team_Information.asp?id=11395,11395,2
67024,02/01/15,Franklin and Marshall College,http://modules.ussquash.com/ssm/pages/leagues/Team_Information.asp?id=11395,11395,8,St. Lawrence University,http://modules.ussquash.com/ssm/pages/leagues/Team_Information.asp?id=11403,11403,1
67723,02/06/15,George Washington University,http://modules.ussquash.com/ssm/pages/leagues/Team_Information.asp?id=11404,11404,9,Franklin and Marshall College,http://modules.ussquash.com/ssm/pages/leagues/Team_Information.asp?id=11395,11395,0
76170,02/13/15,Brown University,http://modules.ussquash.com/ssm/pages/leagues/Team_Information.asp?id=11407,11407,6,Franklin and Marshall College,http://modules.ussquash.com/ssm/pages/leagues/Team_Information.asp?id=11395,11395,3
76166,02/14/15,Franklin and Marshall College,http://modules.ussquash.com/ssm/pages/leagues/Team_Information.asp?id=11395,11395,1,Drexel University,http://modules.ussquash.com/ssm/pages/leagues/Team_Information.asp?id=11418,11418,8
67638,01/17/15,Amherst College,http://modules.ussquash.com/ssm/pages/leagues/Team_Information.asp?id=11406,11406,9,Colby College,http://modules.ussquash.com/ssm/pages/leagues/Team_Information.asp?id=11408,11408,0
70828,01/18/15,Amherst College,http://modules.ussquash.com/ssm/pages/leagues/Team_Information.asp?id=11406,11406,1,Drexel University,http://modules.ussquash.com/ssm/pages/leagues/Team_Information.asp?id=11418,11418,8
67041,01/28/15,Amherst College,http://modules.ussquash.com/ssm/pages/leagues/Team_Information.asp?id=11406,11406,0,Brown University,http://modules.ussquash.com/ssm/pages/leagues/Team_Information.asp?id=11407,11407,9
70848,01/31/15,Amherst College,http://modules.ussquash.com/ssm/pages/leagues/Team_Information.asp?id=11406,11406,0,Williams College,http://modules.ussquash.com/ssm/pages/leagues/Team_Information.asp?id=11416,11416,9
75025,01/31/15,Amherst College,http://modules.ussquash.com/ssm/pages/leagues/Team_Information.asp?id=11406,11406,2,Middlebury College,http://modules.ussquash.com/ssm/pages/leagues/Team_Information.asp?id=11412,11412,7
66824,02/04/15,Mount Holyoke College,http://modules.ussquash.com/ssm/pages/leagues/Team_Information.asp?id=11413,11413,1,Amherst College,http://modules.ussquash.com/ssm/pages/leagues/Team_Information.asp?id=11406,11406,8
76078,02/07/15,Amherst College,http://modules.ussquash.com/ssm/pages/leagues/Team_Information.asp?id=11406,11406,6,Colby College,http://modules.ussquash.com/ssm/pages/leagues/Team_Information.asp?id=11408,11408,3
76202,02/14/15,Amherst College,http://modules.ussquash.com/ssm/pages/leagues/Team_Information.asp?id=11406,11406,7,Colby College,http://modules.ussquash.com/ssm/pages/leagues/Team_Information.asp?id=11408,11408,2
69445,11/15/14,Franklin and Marshall College,http://modules.ussquash.com/ssm/pages/leagues/Team_Information.asp?id=11395,11395,8,Bowdoin College,http://modules.ussquash.com/ssm/pages/leagues/Team_Information.asp?id=11385,11385,1
67065,11/16/14,Connecticut College,http://modules.ussquash.com/ssm/pages/leagues/Team_Information.asp?id=11389,11389,1,Bowdoin College,http://modules.ussquash.com/ssm/pages/leagues/Team_Information.asp?id=11385,11385,8
66879,11/16/14,Trinity College,http://modules.ussquash.com/ssm/pages/leagues/Team_Information.asp?id=11386,11386,9,Bowdoin College,http://modules.ussquash.com/ssm/pages/leagues/Team_Information.asp?id=11385,11385,0
71057,11/23/14,Bowdoin College,http://modules.ussquash.com/ssm/pages/leagues/Team_Information.asp?id=11385,11385,0,University of Pennsylvania,http://modules.ussquash.com/ssm/pages/leagues/Team_Information.asp?id=11399,11399,9
70844,01/09/15,Amherst College,http://modules.ussquash.com/ssm/pages/leagues/Team_Information.asp?id=11406,11406,6,Bowdoin College,http://modules.ussquash.com/ssm/pages/leagues/Team_Information.asp?id=11385,11385,3
66967,01/10/15,Williams College,http://modules.ussquash.com/ssm/pages/leagues/Team_Information.asp?id=11416,11416,8,Bowdoin College,http://modules.ussquash.com/ssm/pages/leagues/Team_Information.asp?id=11385,11385,1
67009,01/10/15,Middlebury College,http://modules.ussquash.com/ssm/pages/leagues/Team_Information.asp?id=11412,11412,9,Bowdoin College,http://modules.ussquash.com/ssm/pages/leagues/Team_Information.asp?id=11385,11385,0
70827,01/17/15,Drexel University,http://modules.ussquash.com/ssm/pages/leagues/Team_Information.asp?id=11418,11418,9,Bowdoin College,http://modules.ussquash.com/ssm/pages/leagues/Team_Information.asp?id=11385,11385,0
71053,01/17/15,Mount Holyoke College,http://modules.ussquash.com/ssm/pages/leagues/Team_Information.asp?id=11413,11413,0,Bowdoin College,http://modules.ussquash.com/ssm/pages/leagues/Team_Information.asp?id=11385,11385,9
71059,01/18/15,Bowdoin College,http://modules.ussquash.com/ssm/pages/leagues/Team_Information.asp?id=11385,11385,5,Wesleyan University,http://modules.ussquash.com/ssm/pages/leagues/Team_Information.asp?id=11391,11391,4
71257,01/18/15,Smith College,http://modules.ussquash.com/ssm/pages/leagues/Team_Information.asp?id=11392,11392,1,Bowdoin College,http://modules.ussquash.com/ssm/pages/leagues/Team_Information.asp?id=11385,11385,8
67040,01/24/15,Brown University,http://modules.ussquash.com/ssm/pages/leagues/Team_Information.asp?id=11407,11407,9,Bowdoin College,http://modules.ussquash.com/ssm/pages/leagues/Team_Information.asp?id=11385,11385,0
67644,01/25/15,Bowdoin College,http://modules.ussquash.com/ssm/pages/leagues/Team_Information.asp?id=11385,11385,5,Colby College,http://modules.ussquash.com/ssm/pages/leagues/Team_Information.asp?id=11408,11408,4
71060,01/31/15,Bowdoin College,http://modules.ussquash.com/ssm/pages/leagues/Team_Information.asp?id=11385,11385,8,Wellesley College,http://modules.ussquash.com/ssm/pages/leagues/Team_Information.asp?id=11393,11393,1
76018,02/06/15,Bowdoin College,http://modules.ussquash.com/ssm/pages/leagues/Team_Information.asp?id=11385,11385,9,Tufts University,http://modules.ussquash.com/ssm/pages/leagues/Team_Information.asp?id=11414,11414,0
76045,02/07/15,Bowdoin College,http://modules.ussquash.com/ssm/pages/leagues/Team_Information.asp?id=11385,11385,0,Williams College,http://modules.ussquash.com/ssm/pages/leagues/Team_Information.asp?id=11416,11416,9
76073,02/07/15,Hamilton College,http://modules.ussquash.com/ssm/pages/leagues/Team_Information.asp?id=11396,11396,6,Bowdoin College,http://modules.ussquash.com/ssm/pages/leagues/Team_Information.asp?id=11385,11385,3
76079,02/08/15,Bowdoin College,http://modules.ussquash.com/ssm/pages/leagues/Team_Information.asp?id=11385,11385,5,Colby College,http://modules.ussquash.com/ssm/pages/leagues/Team_Information.asp?id=11408,11408,4
76200,02/13/15,Bowdoin College,http://modules.ussquash.com/ssm/pages/leagues/Team_Information.asp?id=11385,11385,8,Wesleyan University,http://modules.ussquash.com/ssm/pages/leagues/Team_Information.asp?id=11391,11391,1
76203,02/14/15,Bowdoin College,http://modules.ussquash.com/ssm/pages/leagues/Team_Information.asp?id=11385,11385,6,Hamilton College,http://modules.ussquash.com/ssm/pages/leagues/Team_Information.asp?id=11396,11396,3
76204,02/15/15,Amherst College,http://modules.ussquash.com/ssm/pages/leagues/Team_Information.asp?id=11406,11406,6,Bowdoin College,http://modules.ussquash.com/ssm/pages/leagues/Team_Information.asp?id=11385,11385,3
67154,11/22/14,Hamilton College,http://modules.ussquash.com/ssm/pages/leagues/Team_Information.asp?id=11396,11396,9,Tufts University,http://modules.ussquash.com/ssm/pages/leagues/Team_Information.asp?id=11414,11414,0
66964,11/22/14,Hamilton College,http://modules.ussquash.com/ssm/pages/leagues/Team_Information.asp?id=11396,11396,0,Williams College,http://modules.ussquash.com/ssm/pages/leagues/Team_Information.asp?id=11416,11416,9
70975,12/03/14,Hamilton College,http://modules.ussquash.com/ssm/pages/leagues/Team_Information.asp?id=11396,11396,9,Colgate University,http://modules.ussquash.com/ssm/pages/leagues/Team_Information.asp?id=11405,11405,0
70978,01/11/15,Hamilton College,http://modules.ussquash.com/ssm/pages/leagues/Team_Information.asp?id=11396,11396,7,Colby College,http://modules.ussquash.com/ssm/pages/leagues/Team_Information.asp?id=11408,11408,2
70998,01/16/15,Mount Holyoke College,http://modules.ussquash.com/ssm/pages/leagues/Team_Information.asp?id=11413,11413,0,Hamilton College,http://modules.ussquash.com/ssm/pages/leagues/Team_Information.asp?id=11396,11396,9
70846,01/17/15,Amherst College,http://modules.ussquash.com/ssm/pages/leagues/Team_Information.asp?id=11406,11406,7,Hamilton College,http://modules.ussquash.com/ssm/pages/leagues/Team_Information.asp?id=11396,11396,2
67017,01/25/15,Middlebury College,http://modules.ussquash.com/ssm/pages/leagues/Team_Information.asp?id=11412,11412,8,Hamilton College,http://modules.ussquash.com/ssm/pages/leagues/Team_Information.asp?id=11396,11396,1
67023,01/31/15,Hamilton College,http://modules.ussquash.com/ssm/pages/leagues/Team_Information.asp?id=11396,11396,7,St. Lawrence University,http://modules.ussquash.com/ssm/pages/leagues/Team_Information.asp?id=11403,11403,2
66823,01/31/15,Hamilton College,http://modules.ussquash.com/ssm/pages/leagues/Team_Information.asp?id=11396,11396,9,Mount Holyoke College,http://modules.ussquash.com/ssm/pages/leagues/Team_Information.asp?id=11413,11413,0
66804,02/03/15,William Smith College,http://modules.ussquash.com/ssm/pages/leagues/Team_Information.asp?id=11402,11402,0,Hamilton College,http://modules.ussquash.com/ssm/pages/leagues/Team_Information.asp?id=11396,11396,9
76047,02/07/15,Hamilton College,http://modules.ussquash.com/ssm/pages/leagues/Team_Information.asp?id=11396,11396,0,Middlebury College,http://modules.ussquash.com/ssm/pages/leagues/Team_Information.asp?id=11412,11412,9
76093,02/08/15,Hamilton College,http://modules.ussquash.com/ssm/pages/leagues/Team_Information.asp?id=11396,11396,3,Amherst College,http://modules.ussquash.com/ssm/pages/leagues/Team_Information.asp?id=11406,11406,6
76201,02/13/15,University of Virginia,http://modules.ussquash.com/ssm/pages/leagues/Team_Information.asp?id=11415,11415,2,Hamilton College,http://modules.ussquash.com/ssm/pages/leagues/Team_Information.asp?id=11396,11396,7
67633,12/06/14,Colby College,http://modules.ussquash.com/ssm/pages/leagues/Team_Information.asp?id=11408,11408,5,Tufts University,http://modules.ussquash.com/ssm/pages/leagues/Team_Information.asp?id=11414,11414,4
67634,01/10/15,Williams College,http://modules.ussquash.com/ssm/pages/leagues/Team_Information.asp?id=11416,11416,9,Colby College,http://modules.ussquash.com/ssm/pages/leagues/Team_Information.asp?id=11408,11408,0
67635,01/10/15,Middlebury College,http://modules.ussquash.com/ssm/pages/leagues/Team_Information.asp?id=11412,11412,8,Colby College,http://modules.ussquash.com/ssm/pages/leagues/Team_Information.asp?id=11408,11408,1
67636,01/16/15,Mount Holyoke College,http://modules.ussquash.com/ssm/pages/leagues/Team_Information.asp?id=11413,11413,1,Colby College,http://modules.ussquash.com/ssm/pages/leagues/Team_Information.asp?id=11408,11408,8
75051,01/25/15,Colby College,http://modules.ussquash.com/ssm/pages/leagues/Team_Information.asp?id=11408,11408,9,Boston University,http://modules.ussquash.com/ssm/pages/leagues/Team_Information.asp?id=13519,13519,0
67647,01/31/15,Tufts University,http://modules.ussquash.com/ssm/pages/leagues/Team_Information.asp?id=11414,11414,1,Colby College,http://modules.ussquash.com/ssm/pages/leagues/Team_Information.asp?id=11408,11408,8
71290,11/15/14,Wesleyan University,http://modules.ussquash.com/ssm/pages/leagues/Team_Information.asp?id=11391,11391,9,Tufts University,http://modules.ussquash.com/ssm/pages/leagues/Team_Information.asp?id=11414,11414,0
71291,11/15/14,Wesleyan University,http://modules.ussquash.com/ssm/pages/leagues/Team_Information.asp?id=11391,11391,1,Middlebury College,http://modules.ussquash.com/ssm/pages/leagues/Team_Information.asp?id=11412,11412,8
69317,11/16/14,Wesleyan University,http://modules.ussquash.com/ssm/pages/leagues/Team_Information.asp?id=11391,11391,8,William Smith College,http://modules.ussquash.com/ssm/pages/leagues/Team_Information.asp?id=11402,11402,1
69631,11/16/14,Wesleyan University,http://modules.ussquash.com/ssm/pages/leagues/Team_Information.asp?id=11391,11391,9,Mount Holyoke College,http://modules.ussquash.com/ssm/pages/leagues/Team_Information.asp?id=11413,11413,0
71710,11/22/14,Wesleyan University,http://modules.ussquash.com/ssm/pages/leagues/Team_Information.asp?id=11391,11391,1,Brown University,http://modules.ussquash.com/ssm/pages/leagues/Team_Information.asp?id=11407,11407,8
70826,01/17/15,Wesleyan University,http://modules.ussquash.com/ssm/pages/leagues/Team_Information.asp?id=11391,11391,1,Drexel University,http://modules.ussquash.com/ssm/pages/leagues/Team_Information.asp?id=11418,11418,8
70990,01/17/15,Hamilton College,http://modules.ussquash.com/ssm/pages/leagues/Team_Information.asp?id=11396,11396,7,Wesleyan University,http://modules.ussquash.com/ssm/pages/leagues/Team_Information.asp?id=11391,11391,2
75052,01/24/15,Wesleyan University,http://modules.ussquash.com/ssm/pages/leagues/Team_Information.asp?id=11391,11391,9,Boston University,http://modules.ussquash.com/ssm/pages/leagues/Team_Information.asp?id=13519,13519,0
67642,01/24/15,Wesleyan University,http://modules.ussquash.com/ssm/pages/leagues/Team_Information.asp?id=11391,11391,3,Colby College,http://modules.ussquash.com/ssm/pages/leagues/Team_Information.asp?id=11408,11408,6
70847,01/31/15,Wesleyan University,http://modules.ussquash.com/ssm/pages/leagues/Team_Information.asp?id=11391,11391,2,Amherst College,http://modules.ussquash.com/ssm/pages/leagues/Team_Information.asp?id=11406,11406,7
75137,02/01/15,Wesleyan University,http://modules.ussquash.com/ssm/pages/leagues/Team_Information.asp?id=11391,11391,2,Williams College,http://modules.ussquash.com/ssm/pages/leagues/Team_Information.asp?id=11416,11416,7
76016,02/06/15,Colby College,http://modules.ussquash.com/ssm/pages/leagues/Team_Information.asp?id=11408,11408,5,Wesleyan University,http://modules.ussquash.com/ssm/pages/leagues/Team_Information.asp?id=11391,11391,4
76096,02/07/15,Wesleyan University,http://modules.ussquash.com/ssm/pages/leagues/Team_Information.asp?id=11391,11391,8,Tufts University,http://modules.ussquash.com/ssm/pages/leagues/Team_Information.asp?id=11414,11414,1
76196,02/14/15,Wesleyan University,http://modules.ussquash.com/ssm/pages/leagues/Team_Information.asp?id=11391,11391,8,University of Virginia,http://modules.ussquash.com/ssm/pages/leagues/Team_Information.asp?id=11415,11415,1
66965,01/06/15,Williams College,http://modules.ussquash.com/ssm/pages/leagues/Team_Information.asp?id=11416,11416,7,St. Lawrence University,http://modules.ussquash.com/ssm/pages/leagues/Team_Information.asp?id=11403,11403,2
67021,01/23/15,Cornell University,http://modules.ussquash.com/ssm/pages/leagues/Team_Information.asp?id=11410,11410,9,St. Lawrence University,http://modules.ussquash.com/ssm/pages/leagues/Team_Information.asp?id=11403,11403,0
67022,01/24/15,St. Lawrence University,http://modules.ussquash.com/ssm/pages/leagues/Team_Information.asp?id=11403,11403,7,Tufts University,http://modules.ussquash.com/ssm/pages/leagues/Team_Information.asp?id=11414,11414,2
69056,01/31/15,St. Lawrence University,http://modules.ussquash.com/ssm/pages/leagues/Team_Information.asp?id=11403,11403,9,Mount Holyoke College,http://modules.ussquash.com/ssm/pages/leagues/Team_Information.asp?id=11413,11413,0
76199,02/13/15,Colby College,http://modules.ussquash.com/ssm/pages/leagues/Team_Information.asp?id=11408,11408,5,St. Lawrence University,http://modules.ussquash.com/ssm/pages/leagues/Team_Information.asp?id=11403,11403,4
66839,10/25/14,University of Virginia,http://modules.ussquash.com/ssm/pages/leagues/Team_Information.asp?id=11415,11415,7,Georgetown University,http://modules.ussquash.com/ssm/pages/leagues/Team_Information.asp?id=11417,11417,0
66841,11/01/14,University of Virginia,http://modules.ussquash.com/ssm/pages/leagues/Team_Information.asp?id=11415,11415,9,Boston College,http://modules.ussquash.com/ssm/pages/leagues/Team_Information.asp?id=11420,11420,0
66842,01/23/15,University of Virginia,http://modules.ussquash.com/ssm/pages/leagues/Team_Information.asp?id=11415,11415,9,Georgetown University,http://modules.ussquash.com/ssm/pages/leagues/Team_Information.asp?id=11417,11417,0
74695,01/23/15,University of Virginia,http://modules.ussquash.com/ssm/pages/leagues/Team_Information.asp?id=11415,11415,7,"Notre Dame, University of",http://modules.ussquash.com/ssm/pages/leagues/Team_Information.asp?id=11427,11427,0
66843,01/24/15,University of Virginia,http://modules.ussquash.com/ssm/pages/leagues/Team_Information.asp?id=11415,11415,9,Bucknell University,http://modules.ussquash.com/ssm/pages/leagues/Team_Information.asp?id=11425,11425,0
66845,01/24/15,University of Virginia,http://modules.ussquash.com/ssm/pages/leagues/Team_Information.asp?id=11415,11415,9,Johns Hopkins University,http://modules.ussquash.com/ssm/pages/leagues/Team_Information.asp?id=11423,11423,0
66849,01/25/15,University of Virginia,http://modules.ussquash.com/ssm/pages/leagues/Team_Information.asp?id=11415,11415,9,Dickinson College,http://modules.ussquash.com/ssm/pages/leagues/Team_Information.asp?id=11433,11433,0
74711,01/25/15,University of Virginia,http://modules.ussquash.com/ssm/pages/leagues/Team_Information.asp?id=11415,11415,7,Fordham University,http://modules.ussquash.com/ssm/pages/leagues/Team_Information.asp?id=11428,11428,0
66936,02/07/15,Drexel University,http://modules.ussquash.com/ssm/pages/leagues/Team_Information.asp?id=11418,11418,9,University of Virginia,http://modules.ussquash.com/ssm/pages/leagues/Team_Information.asp?id=11415,11415,0
66812,11/01/14,Mount Holyoke College,http://modules.ussquash.com/ssm/pages/leagues/Team_Information.asp?id=11413,11413,2,Wellesley College,http://modules.ussquash.com/ssm/pages/leagues/Team_Information.asp?id=11393,11393,7
66840,11/01/14,Wellesley College,http://modules.ussquash.com/ssm/pages/leagues/Team_Information.asp?id=11393,11393,1,University of Virginia,http://modules.ussquash.com/ssm/pages/leagues/Team_Information.asp?id=11415,11415,8
66946,11/07/14,Wellesley College,http://modules.ussquash.com/ssm/pages/leagues/Team_Information.asp?id=11393,11393,6,Boston College,http://modules.ussquash.com/ssm/pages/leagues/Team_Information.asp?id=11420,11420,3
71015,11/08/14,Wellesley College,http://modules.ussquash.com/ssm/pages/leagues/Team_Information.asp?id=11393,11393,9,Northeastern University,http://modules.ussquash.com/ssm/pages/leagues/Team_Information.asp?id=11398,11398,0
67629,11/15/14,Wellesley College,http://modules.ussquash.com/ssm/pages/leagues/Team_Information.asp?id=11393,11393,3,Colby College,http://modules.ussquash.com/ssm/pages/leagues/Team_Information.asp?id=11408,11408,6
67153,11/18/14,Tufts University,http://modules.ussquash.com/ssm/pages/leagues/Team_Information.asp?id=11414,11414,2,Wellesley College,http://modules.ussquash.com/ssm/pages/leagues/Team_Information.asp?id=11393,11393,5
66870,01/17/15,Haverford College,http://modules.ussquash.com/ssm/pages/leagues/Team_Information.asp?id=11397,11397,0,Wellesley College,http://modules.ussquash.com/ssm/pages/leagues/Team_Information.asp?id=11393,11393,9
71707,01/17/15,Wellesley College,http://modules.ussquash.com/ssm/pages/leagues/Team_Information.asp?id=11393,11393,9,Northwestern University,http://modules.ussquash.com/ssm/pages/leagues/Team_Information.asp?id=11429,11429,0
67013,01/23/15,Middlebury College,http://modules.ussquash.com/ssm/pages/leagues/Team_Information.asp?id=11412,11412,9,Wellesley College,http://modules.ussquash.com/ssm/pages/leagues/Team_Information.asp?id=11393,11393,0
69448,01/24/15,Franklin and Marshall College,http://modules.ussquash.com/ssm/pages/leagues/Team_Information.asp?id=11395,11395,9,Wellesley College,http://modules.ussquash.com/ssm/pages/leagues/Team_Information.asp?id=11393,11393,0
70995,01/24/15,Hamilton College,http://modules.ussquash.com/ssm/pages/leagues/Team_Information.asp?id=11396,11396,9,Wellesley College,http://modules.ussquash.com/ssm/pages/leagues/Team_Information.asp?id=11393,11393,0
67646,01/30/15,Wellesley College,http://modules.ussquash.com/ssm/pages/leagues/Team_Information.asp?id=11393,11393,0,Colby College,http://modules.ussquash.com/ssm/pages/leagues/Team_Information.asp?id=11408,11408,9
74142,02/07/15,Wellesley College,http://modules.ussquash.com/ssm/pages/leagues/Team_Information.asp?id=11393,11393,7,Mount Holyoke College,http://modules.ussquash.com/ssm/pages/leagues/Team_Information.asp?id=11413,11413,2
66951,02/10/15,Boston College,http://modules.ussquash.com/ssm/pages/leagues/Team_Information.asp?id=11420,11420,1,Wellesley College,http://modules.ussquash.com/ssm/pages/leagues/Team_Information.asp?id=11393,11393,8
76194,02/13/15,Amherst College,http://modules.ussquash.com/ssm/pages/leagues/Team_Information.asp?id=11406,11406,9,Wellesley College,http://modules.ussquash.com/ssm/pages/leagues/Team_Information.asp?id=11393,11393,0
76195,02/14/15,Wellesley College,http://modules.ussquash.com/ssm/pages/leagues/Team_Information.asp?id=11393,11393,1,St. Lawrence University,http://modules.ussquash.com/ssm/pages/leagues/Team_Information.asp?id=11403,11403,8
76198,02/15/15,Wellesley College,http://modules.ussquash.com/ssm/pages/leagues/Team_Information.asp?id=11393,11393,2,University of Virginia,http://modules.ussquash.com/ssm/pages/leagues/Team_Information.asp?id=11415,11415,7
66948,01/20/15,Tufts University,http://modules.ussquash.com/ssm/pages/leagues/Team_Information.asp?id=11414,11414,8,Boston College,http://modules.ussquash.com/ssm/pages/leagues/Team_Information.asp?id=11420,11420,1
66798,11/08/14,University of Rochester,http://modules.ussquash.com/ssm/pages/leagues/Team_Information.asp?id=11422,11422,0,William Smith College,http://modules.ussquash.com/ssm/pages/leagues/Team_Information.asp?id=11402,11402,9
67151,11/15/14,William Smith College,http://modules.ussquash.com/ssm/pages/leagues/Team_Information.asp?id=11402,11402,6,Tufts University,http://modules.ussquash.com/ssm/pages/leagues/Team_Information.asp?id=11414,11414,3
69316,11/15/14,Mount Holyoke College,http://modules.ussquash.com/ssm/pages/leagues/Team_Information.asp?id=11413,11413,1,William Smith College,http://modules.ussquash.com/ssm/pages/leagues/Team_Information.asp?id=11402,11402,8
66800,11/23/14,William Smith College,http://modules.ussquash.com/ssm/pages/leagues/Team_Information.asp?id=11402,11402,2,St. Lawrence University,http://modules.ussquash.com/ssm/pages/leagues/Team_Information.asp?id=11403,11403,7
66801,12/06/14,Colgate University,http://modules.ussquash.com/ssm/pages/leagues/Team_Information.asp?id=11405,11405,0,William Smith College,http://modules.ussquash.com/ssm/pages/leagues/Team_Information.asp?id=11402,11402,9
69319,12/06/14,William Smith College,http://modules.ussquash.com/ssm/pages/leagues/Team_Information.asp?id=11402,11402,9,Dickinson College,http://modules.ussquash.com/ssm/pages/leagues/Team_Information.asp?id=11433,11433,0
66930,01/23/15,William Smith College,http://modules.ussquash.com/ssm/pages/leagues/Team_Information.asp?id=11402,11402,0,Drexel University,http://modules.ussquash.com/ssm/pages/leagues/Team_Information.asp?id=11418,11418,9
66805,02/07/15,William Smith College,http://modules.ussquash.com/ssm/pages/leagues/Team_Information.asp?id=11402,11402,9,University of Rochester,http://modules.ussquash.com/ssm/pages/leagues/Team_Information.asp?id=11422,11422,0
66806,02/07/15,William Smith College,http://modules.ussquash.com/ssm/pages/leagues/Team_Information.asp?id=11402,11402,9,Colgate University,http://modules.ussquash.com/ssm/pages/leagues/Team_Information.asp?id=11405,11405,0
66807,02/08/15,Cornell University,http://modules.ussquash.com/ssm/pages/leagues/Team_Information.asp?id=11410,11410,9,William Smith College,http://modules.ussquash.com/ssm/pages/leagues/Team_Information.asp?id=11402,11402,0
76220,02/13/15,William Smith College,http://modules.ussquash.com/ssm/pages/leagues/Team_Information.asp?id=11402,11402,9,Boston College,http://modules.ussquash.com/ssm/pages/leagues/Team_Information.asp?id=11420,11420,0
76228,02/14/15,William Smith College,http://modules.ussquash.com/ssm/pages/leagues/Team_Information.asp?id=11402,11402,5,Mount Holyoke College,http://modules.ussquash.com/ssm/pages/leagues/Team_Information.asp?id=11413,11413,4
76230,02/15/15,William Smith College,http://modules.ussquash.com/ssm/pages/leagues/Team_Information.asp?id=11402,11402,2,Tufts University,http://modules.ussquash.com/ssm/pages/leagues/Team_Information.asp?id=11414,11414,7
67066,11/21/14,Tufts University,http://modules.ussquash.com/ssm/pages/leagues/Team_Information.asp?id=11414,11414,4,Connecticut College,http://modules.ussquash.com/ssm/pages/leagues/Team_Information.asp?id=11389,11389,5
67067,11/22/14,Connecticut College,http://modules.ussquash.com/ssm/pages/leagues/Team_Information.asp?id=11389,11389,2,Wellesley College,http://modules.ussquash.com/ssm/pages/leagues/Team_Information.asp?id=11393,11393,7
67068,11/22/14,Connecticut College,http://modules.ussquash.com/ssm/pages/leagues/Team_Information.asp?id=11389,11389,8,Boston College,http://modules.ussquash.com/ssm/pages/leagues/Team_Information.asp?id=11420,11420,1
70845,01/16/15,Amherst College,http://modules.ussquash.com/ssm/pages/leagues/Team_Information.asp?id=11406,11406,9,Connecticut College,http://modules.ussquash.com/ssm/pages/leagues/Team_Information.asp?id=11389,11389,0
70984,01/16/15,Hamilton College,http://modules.ussquash.com/ssm/pages/leagues/Team_Information.asp?id=11396,11396,9,Connecticut College,http://modules.ussquash.com/ssm/pages/leagues/Team_Information.asp?id=11389,11389,0
67637,01/17/15,Connecticut College,http://modules.ussquash.com/ssm/pages/leagues/Team_Information.asp?id=11389,11389,3,Colby College,http://modules.ussquash.com/ssm/pages/leagues/Team_Information.asp?id=11408,11408,6
74451,01/17/15,Smith College,http://modules.ussquash.com/ssm/pages/leagues/Team_Information.asp?id=11392,11392,1,Connecticut College,http://modules.ussquash.com/ssm/pages/leagues/Team_Information.asp?id=11389,11389,8
71708,01/20/15,Connecticut College,http://modules.ussquash.com/ssm/pages/leagues/Team_Information.asp?id=11389,11389,2,Wellesley College,http://modules.ussquash.com/ssm/pages/leagues/Team_Information.asp?id=11393,11393,7
74687,01/21/15,Wesleyan University,http://modules.ussquash.com/ssm/pages/leagues/Team_Information.asp?id=11391,11391,9,Connecticut College,http://modules.ussquash.com/ssm/pages/leagues/Team_Information.asp?id=11389,11389,0
67014,01/23/15,Middlebury College,http://modules.ussquash.com/ssm/pages/leagues/Team_Information.asp?id=11412,11412,9,Connecticut College,http://modules.ussquash.com/ssm/pages/leagues/Team_Information.asp?id=11389,11389,0
67069,01/24/15,Connecticut College,http://modules.ussquash.com/ssm/pages/leagues/Team_Information.asp?id=11389,11389,0,Hamilton College,http://modules.ussquash.com/ssm/pages/leagues/Team_Information.asp?id=11396,11396,9
67070,01/24/15,Franklin and Marshall College,http://modules.ussquash.com/ssm/pages/leagues/Team_Information.asp?id=11395,11395,9,Connecticut College,http://modules.ussquash.com/ssm/pages/leagues/Team_Information.asp?id=11389,11389,0
67071,01/28/15,Connecticut College,http://modules.ussquash.com/ssm/pages/leagues/Team_Information.asp?id=11389,11389,6,Mount Holyoke College,http://modules.ussquash.com/ssm/pages/leagues/Team_Information.asp?id=11413,11413,3
67072,01/30/15,William Smith College,http://modules.ussquash.com/ssm/pages/leagues/Team_Information.asp?id=11402,11402,6,Connecticut College,http://modules.ussquash.com/ssm/pages/leagues/Team_Information.asp?id=11389,11389,3
67073,01/31/15,New York University,http://modules.ussquash.com/ssm/pages/leagues/Team_Information.asp?id=11394,11394,0,Connecticut College,http://modules.ussquash.com/ssm/pages/leagues/Team_Information.asp?id=11389,11389,8
67074,01/31/15,Connecticut College,http://modules.ussquash.com/ssm/pages/leagues/Team_Information.asp?id=11389,11389,9,Dickinson College,http://modules.ussquash.com/ssm/pages/leagues/Team_Information.asp?id=11433,11433,0
67075,02/01/15,Connecticut College,http://modules.ussquash.com/ssm/pages/leagues/Team_Information.asp?id=11389,11389,3,Tufts University,http://modules.ussquash.com/ssm/pages/leagues/Team_Information.asp?id=11414,11414,6
76017,02/06/15,Hamilton College,http://modules.ussquash.com/ssm/pages/leagues/Team_Information.asp?id=11396,11396,9,Connecticut College,http://modules.ussquash.com/ssm/pages/leagues/Team_Information.asp?id=11389,11389,0
76039,02/07/15,Tufts University,http://modules.ussquash.com/ssm/pages/leagues/Team_Information.asp?id=11414,11414,6,Connecticut College,http://modules.ussquash.com/ssm/pages/leagues/Team_Information.asp?id=11389,11389,3
76098,02/07/15,Wesleyan University,http://modules.ussquash.com/ssm/pages/leagues/Team_Information.asp?id=11391,11391,9,Connecticut College,http://modules.ussquash.com/ssm/pages/leagues/Team_Information.asp?id=11389,11389,0
76226,02/13/15,Connecticut College,http://modules.ussquash.com/ssm/pages/leagues/Team_Information.asp?id=11389,11389,6,Johns Hopkins University,http://modules.ussquash.com/ssm/pages/leagues/Team_Information.asp?id=11423,11423,3
76229,02/14/15,Connecticut College,http://modules.ussquash.com/ssm/pages/leagues/Team_Information.asp?id=11389,11389,1,Tufts University,http://modules.ussquash.com/ssm/pages/leagues/Team_Information.asp?id=11414,11414,8
76231,02/15/15,Mount Holyoke College,http://modules.ussquash.com/ssm/pages/leagues/Team_Information.asp?id=11413,11413,4,Connecticut College,http://modules.ussquash.com/ssm/pages/leagues/Team_Information.asp?id=11389,11389,5
66811,11/01/14,Mount Holyoke College,http://modules.ussquash.com/ssm/pages/leagues/Team_Information.asp?id=11413,11413,6,Boston College,http://modules.ussquash.com/ssm/pages/leagues/Team_Information.asp?id=11420,11420,3
66813,11/01/14,Mount Holyoke College,http://modules.ussquash.com/ssm/pages/leagues/Team_Information.asp?id=11413,11413,0,University of Virginia,http://modules.ussquash.com/ssm/pages/leagues/Team_Information.asp?id=11415,11415,9
66814,11/15/14,Mount Holyoke College,http://modules.ussquash.com/ssm/pages/leagues/Team_Information.asp?id=11413,11413,6,Tufts University,http://modules.ussquash.com/ssm/pages/leagues/Team_Information.asp?id=11414,11414,3
66821,01/24/15,Williams College,http://modules.ussquash.com/ssm/pages/leagues/Team_Information.asp?id=11416,11416,9,Mount Holyoke College,http://modules.ussquash.com/ssm/pages/leagues/Team_Information.asp?id=11413,11413,0
76225,02/13/15,Georgetown University,http://modules.ussquash.com/ssm/pages/leagues/Team_Information.asp?id=11417,11417,1,Mount Holyoke College,http://modules.ussquash.com/ssm/pages/leagues/Team_Information.asp?id=11413,11413,8
66950,02/07/15,Boston College,http://modules.ussquash.com/ssm/pages/leagues/Team_Information.asp?id=11420,11420,8,Bucknell University,http://modules.ussquash.com/ssm/pages/leagues/Team_Information.asp?id=11425,11425,1
66939,11/15/14,Johns Hopkins University,http://modules.ussquash.com/ssm/pages/leagues/Team_Information.asp?id=11423,11423,8,Bucknell University,http://modules.ussquash.com/ssm/pages/leagues/Team_Information.asp?id=11425,11425,1
66942,01/24/15,Johns Hopkins University,http://modules.ussquash.com/ssm/pages/leagues/Team_Information.asp?id=11423,11423,9,Fordham University,http://modules.ussquash.com/ssm/pages/leagues/Team_Information.asp?id=11428,11428,0
74704,01/24/15,Dickinson College,http://modules.ussquash.com/ssm/pages/leagues/Team_Information.asp?id=11433,11433,4,Johns Hopkins University,http://modules.ussquash.com/ssm/pages/leagues/Team_Information.asp?id=11423,11423,5
66944,01/25/15,Johns Hopkins University,http://modules.ussquash.com/ssm/pages/leagues/Team_Information.asp?id=11423,11423,6,Bucknell University,http://modules.ussquash.com/ssm/pages/leagues/Team_Information.asp?id=11425,11425,2
66864,11/15/14,Haverford College,http://modules.ussquash.com/ssm/pages/leagues/Team_Information.asp?id=11397,11397,5,Dickinson College,http://modules.ussquash.com/ssm/pages/leagues/Team_Information.asp?id=11433,11433,4
66866,11/22/14,Haverford College,http://modules.ussquash.com/ssm/pages/leagues/Team_Information.asp?id=11397,11397,9,Fordham University,http://modules.ussquash.com/ssm/pages/leagues/Team_Information.asp?id=11428,11428,0
66868,11/22/14,Haverford College,http://modules.ussquash.com/ssm/pages/leagues/Team_Information.asp?id=11397,11397,8,University of Rochester,http://modules.ussquash.com/ssm/pages/leagues/Team_Information.asp?id=11422,11422,1
66869,01/16/15,Tufts University,http://modules.ussquash.com/ssm/pages/leagues/Team_Information.asp?id=11414,11414,9,Haverford College,http://modules.ussquash.com/ssm/pages/leagues/Team_Information.asp?id=11397,11397,0
66871,01/17/15,Haverford College,http://modules.ussquash.com/ssm/pages/leagues/Team_Information.asp?id=11397,11397,8,Northwestern University,http://modules.ussquash.com/ssm/pages/leagues/Team_Information.asp?id=11429,11429,1
66873,01/18/15,Haverford College,http://modules.ussquash.com/ssm/pages/leagues/Team_Information.asp?id=11397,11397,8,Northeastern University,http://modules.ussquash.com/ssm/pages/leagues/Team_Information.asp?id=11398,11398,1
66875,01/31/15,Haverford College,http://modules.ussquash.com/ssm/pages/leagues/Team_Information.asp?id=11397,11397,4,Georgetown University,http://modules.ussquash.com/ssm/pages/leagues/Team_Information.asp?id=11417,11417,5
66876,02/07/15,Haverford College,http://modules.ussquash.com/ssm/pages/leagues/Team_Information.asp?id=11397,11397,5,Boston College,http://modules.ussquash.com/ssm/pages/leagues/Team_Information.asp?id=11420,11420,4
66877,02/07/15,Haverford College,http://modules.ussquash.com/ssm/pages/leagues/Team_Information.asp?id=11397,11397,7,Bucknell University,http://modules.ussquash.com/ssm/pages/leagues/Team_Information.asp?id=11425,11425,2
76227,02/13/15,Haverford College,http://modules.ussquash.com/ssm/pages/leagues/Team_Information.asp?id=11397,11397,2,Tufts University,http://modules.ussquash.com/ssm/pages/leagues/Team_Information.asp?id=11414,11414,7
76222,02/14/15,Johns Hopkins University,http://modules.ussquash.com/ssm/pages/leagues/Team_Information.asp?id=11423,11423,7,Haverford College,http://modules.ussquash.com/ssm/pages/leagues/Team_Information.asp?id=11397,11397,2
71687,11/14/14,Georgetown University,http://modules.ussquash.com/ssm/pages/leagues/Team_Information.asp?id=11417,11417,9,Bucknell University,http://modules.ussquash.com/ssm/pages/leagues/Team_Information.asp?id=11425,11425,0
66940,11/15/14,Johns Hopkins University,http://modules.ussquash.com/ssm/pages/leagues/Team_Information.asp?id=11423,11423,4,Georgetown University,http://modules.ussquash.com/ssm/pages/leagues/Team_Information.asp?id=11417,11417,5
66941,01/24/15,Johns Hopkins University,http://modules.ussquash.com/ssm/pages/leagues/Team_Information.asp?id=11423,11423,4,Georgetown University,http://modules.ussquash.com/ssm/pages/leagues/Team_Information.asp?id=11417,11417,5
74705,01/24/15,Georgetown University,http://modules.ussquash.com/ssm/pages/leagues/Team_Information.asp?id=11417,11417,5,Dickinson College,http://modules.ussquash.com/ssm/pages/leagues/Team_Information.asp?id=11433,11433,4
74707,01/24/15,Georgetown University,http://modules.ussquash.com/ssm/pages/leagues/Team_Information.asp?id=11417,11417,6,"Notre Dame, University of",http://modules.ussquash.com/ssm/pages/leagues/Team_Information.asp?id=11427,11427,0
74709,01/24/15,Georgetown University,http://modules.ussquash.com/ssm/pages/leagues/Team_Information.asp?id=11417,11417,6,Bucknell University,http://modules.ussquash.com/ssm/pages/leagues/Team_Information.asp?id=11425,11425,2
76221,02/14/15,Boston College,http://modules.ussquash.com/ssm/pages/leagues/Team_Information.asp?id=11420,11420,6,Georgetown University,http://modules.ussquash.com/ssm/pages/leagues/Team_Information.asp?id=11417,11417,3
76186,02/14/15,Northwestern University,http://modules.ussquash.com/ssm/pages/leagues/Team_Information.asp?id=11429,11429,3,Dickinson College,http://modules.ussquash.com/ssm/pages/leagues/Team_Information.asp?id=11433,11433,6
66863,11/08/14,Vassar College,http://modules.ussquash.com/ssm/pages/leagues/Team_Information.asp?id=11390,11390,7,Haverford College,http://modules.ussquash.com/ssm/pages/leagues/Team_Information.asp?id=11397,11397,1
66984,11/08/14,Vassar College,http://modules.ussquash.com/ssm/pages/leagues/Team_Information.asp?id=11390,11390,9,New York University,http://modules.ussquash.com/ssm/pages/leagues/Team_Information.asp?id=11394,11394,0
66799,11/22/14,Vassar College,http://modules.ussquash.com/ssm/pages/leagues/Team_Information.asp?id=11390,11390,1,William Smith College,http://modules.ussquash.com/ssm/pages/leagues/Team_Information.asp?id=11402,11402,8
67018,11/22/14,Vassar College,http://modules.ussquash.com/ssm/pages/leagues/Team_Information.asp?id=11390,11390,0,St. Lawrence University,http://modules.ussquash.com/ssm/pages/leagues/Team_Information.asp?id=11403,11403,9
66985,12/05/14,Vassar College,http://modules.ussquash.com/ssm/pages/leagues/Team_Information.asp?id=11390,11390,3,Tufts University,http://modules.ussquash.com/ssm/pages/leagues/Team_Information.asp?id=11414,11414,6
66986,12/06/14,Fordham University,http://modules.ussquash.com/ssm/pages/leagues/Team_Information.asp?id=11428,11428,0,Vassar College,http://modules.ussquash.com/ssm/pages/leagues/Team_Information.asp?id=11390,11390,9
66874,01/24/15,Haverford College,http://modules.ussquash.com/ssm/pages/leagues/Team_Information.asp?id=11397,11397,8,Vassar College,http://modules.ussquash.com/ssm/pages/leagues/Team_Information.asp?id=11390,11390,1
72751,01/31/15,Vassar College,http://modules.ussquash.com/ssm/pages/leagues/Team_Information.asp?id=11390,11390,8,University of Rochester,http://modules.ussquash.com/ssm/pages/leagues/Team_Information.asp?id=11422,11422,1
72753,01/31/15,Vassar College,http://modules.ussquash.com/ssm/pages/leagues/Team_Information.asp?id=11390,11390,9,Fordham University,http://modules.ussquash.com/ssm/pages/leagues/Team_Information.asp?id=11428,11428,0
72754,02/07/15,Wellesley College,http://modules.ussquash.com/ssm/pages/leagues/Team_Information.asp?id=11393,11393,9,Vassar College,http://modules.ussquash.com/ssm/pages/leagues/Team_Information.asp?id=11390,11390,0
72755,02/07/15,Vassar College,http://modules.ussquash.com/ssm/pages/leagues/Team_Information.asp?id=11390,11390,6,Smith College,http://modules.ussquash.com/ssm/pages/leagues/Team_Information.asp?id=11392,11392,3
72756,02/07/15,Mount Holyoke College,http://modules.ussquash.com/ssm/pages/leagues/Team_Information.asp?id=11413,11413,8,Vassar College,http://modules.ussquash.com/ssm/pages/leagues/Team_Information.asp?id=11390,11390,1
76176,02/13/15,Vassar College,http://modules.ussquash.com/ssm/pages/leagues/Team_Information.asp?id=11390,11390,8,University of Rochester,http://modules.ussquash.com/ssm/pages/leagues/Team_Information.asp?id=11422,11422,1
76184,02/14/15,Vassar College,http://modules.ussquash.com/ssm/pages/leagues/Team_Information.asp?id=11390,11390,2,Northwestern University,http://modules.ussquash.com/ssm/pages/leagues/Team_Information.asp?id=11429,11429,7
66809,11/15/14,Northwestern University,http://modules.ussquash.com/ssm/pages/leagues/Team_Information.asp?id=11429,11429,5,Washington University in St. Louis,http://modules.ussquash.com/ssm/pages/leagues/Team_Information.asp?id=11424,11424,4
71154,11/15/14,Washington University in St. Louis,http://modules.ussquash.com/ssm/pages/leagues/Team_Information.asp?id=11424,11424,9,"Minnesota, University of",http://modules.ussquash.com/ssm/pages/leagues/Team_Information.asp?id=11426,11426,0
67714,11/16/14,"Notre Dame, University of",http://modules.ussquash.com/ssm/pages/leagues/Team_Information.asp?id=11427,11427,0,Washington University in St. Louis,http://modules.ussquash.com/ssm/pages/leagues/Team_Information.asp?id=11424,11424,9
75072,01/31/15,Washington University in St. Louis,http://modules.ussquash.com/ssm/pages/leagues/Team_Information.asp?id=11424,11424,5,Northwestern University,http://modules.ussquash.com/ssm/pages/leagues/Team_Information.asp?id=11429,11429,4
75079,01/31/15,Washington University in St. Louis,http://modules.ussquash.com/ssm/pages/leagues/Team_Information.asp?id=11424,11424,5,"Minnesota, University of",http://modules.ussquash.com/ssm/pages/leagues/Team_Information.asp?id=11426,11426,3
75099,01/31/15,Northwestern University,http://modules.ussquash.com/ssm/pages/leagues/Team_Information.asp?id=11429,11429,5,Washington University in St. Louis,http://modules.ussquash.com/ssm/pages/leagues/Team_Information.asp?id=11424,11424,3
75141,01/31/15,Washington University in St. Louis,http://modules.ussquash.com/ssm/pages/leagues/Team_Information.asp?id=11424,11424,5,"Minnesota, University of",http://modules.ussquash.com/ssm/pages/leagues/Team_Information.asp?id=11426,11426,3
76182,02/13/15,Bucknell University,http://modules.ussquash.com/ssm/pages/leagues/Team_Information.asp?id=11425,11425,0,Washington University in St. Louis,http://modules.ussquash.com/ssm/pages/leagues/Team_Information.asp?id=11424,11424,9
76185,02/14/15,Washington University in St. Louis,http://modules.ussquash.com/ssm/pages/leagues/Team_Information.asp?id=11424,11424,1,Dickinson College,http://modules.ussquash.com/ssm/pages/leagues/Team_Information.asp?id=11433,11433,8
66938,11/08/14,Colgate University,http://modules.ussquash.com/ssm/pages/leagues/Team_Information.asp?id=11405,11405,0,Johns Hopkins University,http://modules.ussquash.com/ssm/pages/leagues/Team_Information.asp?id=11423,11423,7
67048,11/15/14,University of Rochester,http://modules.ussquash.com/ssm/pages/leagues/Team_Information.asp?id=11422,11422,8,Colgate University,http://modules.ussquash.com/ssm/pages/leagues/Team_Information.asp?id=11405,11405,1
72738,12/06/14,Colgate University,http://modules.ussquash.com/ssm/pages/leagues/Team_Information.asp?id=11405,11405,0,Dickinson College,http://modules.ussquash.com/ssm/pages/leagues/Team_Information.asp?id=11433,11433,9
67050,01/24/15,Colgate University,http://modules.ussquash.com/ssm/pages/leagues/Team_Information.asp?id=11405,11405,0,Boston College,http://modules.ussquash.com/ssm/pages/leagues/Team_Information.asp?id=11420,11420,9
67054,02/07/15,Colgate University,http://modules.ussquash.com/ssm/pages/leagues/Team_Information.asp?id=11405,11405,6,University of Rochester,http://modules.ussquash.com/ssm/pages/leagues/Team_Information.asp?id=11422,11422,2
76183,02/13/15,Colgate University,http://modules.ussquash.com/ssm/pages/leagues/Team_Information.asp?id=11405,11405,0,Dickinson College,http://modules.ussquash.com/ssm/pages/leagues/Team_Information.asp?id=11433,11433,9
76178,02/14/15,Bucknell University,http://modules.ussquash.com/ssm/pages/leagues/Team_Information.asp?id=11425,11425,0,Colgate University,http://modules.ussquash.com/ssm/pages/leagues/Team_Information.asp?id=11405,11405,9
70819,11/01/14,Boston College,http://modules.ussquash.com/ssm/pages/leagues/Team_Information.asp?id=11420,11420,8,Smith College,http://modules.ussquash.com/ssm/pages/leagues/Team_Information.asp?id=11392,11392,1
70836,11/01/14,Wellesley College,http://modules.ussquash.com/ssm/pages/leagues/Team_Information.asp?id=11393,11393,9,Smith College,http://modules.ussquash.com/ssm/pages/leagues/Team_Information.asp?id=11392,11392,0
66848,11/02/14,University of Virginia,http://modules.ussquash.com/ssm/pages/leagues/Team_Information.asp?id=11415,11415,9,Smith College,http://modules.ussquash.com/ssm/pages/leagues/Team_Information.asp?id=11392,11392,0
69318,11/15/14,William Smith College,http://modules.ussquash.com/ssm/pages/leagues/Team_Information.asp?id=11402,11402,9,Smith College,http://modules.ussquash.com/ssm/pages/leagues/Team_Information.asp?id=11392,11392,0
69632,11/16/14,Mount Holyoke College,http://modules.ussquash.com/ssm/pages/leagues/Team_Information.asp?id=11413,11413,9,Smith College,http://modules.ussquash.com/ssm/pages/leagues/Team_Information.asp?id=11392,11392,0
71252,11/16/14,Tufts University,http://modules.ussquash.com/ssm/pages/leagues/Team_Information.asp?id=11414,11414,8,Smith College,http://modules.ussquash.com/ssm/pages/leagues/Team_Information.asp?id=11392,11392,0
66816,12/03/14,Mount Holyoke College,http://modules.ussquash.com/ssm/pages/leagues/Team_Information.asp?id=11413,11413,8,Smith College,http://modules.ussquash.com/ssm/pages/leagues/Team_Information.asp?id=11392,11392,1
70843,12/09/14,Smith College,http://modules.ussquash.com/ssm/pages/leagues/Team_Information.asp?id=11392,11392,0,Amherst College,http://modules.ussquash.com/ssm/pages/leagues/Team_Information.asp?id=11406,11406,9
70825,01/16/15,Smith College,http://modules.ussquash.com/ssm/pages/leagues/Team_Information.asp?id=11392,11392,0,Drexel University,http://modules.ussquash.com/ssm/pages/leagues/Team_Information.asp?id=11418,11418,9
75133,01/30/15,Smith College,http://modules.ussquash.com/ssm/pages/leagues/Team_Information.asp?id=11392,11392,1,William Smith College,http://modules.ussquash.com/ssm/pages/leagues/Team_Information.asp?id=11402,11402,8
75134,01/31/15,Smith College,http://modules.ussquash.com/ssm/pages/leagues/Team_Information.asp?id=11392,11392,1,William Smith College,http://modules.ussquash.com/ssm/pages/leagues/Team_Information.asp?id=11402,11402,8
74453,02/07/15,Wellesley College,http://modules.ussquash.com/ssm/pages/leagues/Team_Information.asp?id=11393,11393,9,Smith College,http://modules.ussquash.com/ssm/pages/leagues/Team_Information.asp?id=11392,11392,0
66825,02/07/15,Smith College,http://modules.ussquash.com/ssm/pages/leagues/Team_Information.asp?id=11392,11392,1,Mount Holyoke College,http://modules.ussquash.com/ssm/pages/leagues/Team_Information.asp?id=11413,11413,8
76181,02/13/15,Northwestern University,http://modules.ussquash.com/ssm/pages/leagues/Team_Information.asp?id=11429,11429,7,Smith College,http://modules.ussquash.com/ssm/pages/leagues/Team_Information.asp?id=11392,11392,2
71261,11/22/14,University of Rochester,http://modules.ussquash.com/ssm/pages/leagues/Team_Information.asp?id=11422,11422,9,Fordham University,http://modules.ussquash.com/ssm/pages/leagues/Team_Information.asp?id=11428,11428,0
67630,11/15/14,Northeastern University,http://modules.ussquash.com/ssm/pages/leagues/Team_Information.asp?id=11398,11398,0,Colby College,http://modules.ussquash.com/ssm/pages/leagues/Team_Information.asp?id=11408,11408,9
71641,11/22/14,Amherst College,http://modules.ussquash.com/ssm/pages/leagues/Team_Information.asp?id=11406,11406,9,Northeastern University,http://modules.ussquash.com/ssm/pages/leagues/Team_Information.asp?id=11398,11398,0
74452,01/18/15,Northeastern University,http://modules.ussquash.com/ssm/pages/leagues/Team_Information.asp?id=11398,11398,1,Northwestern University,http://modules.ussquash.com/ssm/pages/leagues/Team_Information.asp?id=11429,11429,8
67049,01/24/15,Northeastern University,http://modules.ussquash.com/ssm/pages/leagues/Team_Information.asp?id=11398,11398,6,Colgate University,http://modules.ussquash.com/ssm/pages/leagues/Team_Information.asp?id=11405,11405,3
70820,01/24/15,Northeastern University,http://modules.ussquash.com/ssm/pages/leagues/Team_Information.asp?id=11398,11398,1,Boston College,http://modules.ussquash.com/ssm/pages/leagues/Team_Information.asp?id=11420,11420,8
75973,02/07/15,Boston University,http://modules.ussquash.com/ssm/pages/leagues/Team_Information.asp?id=13519,13519,7,Northeastern University,http://modules.ussquash.com/ssm/pages/leagues/Team_Information.asp?id=11398,11398,2
76241,02/13/15,Boston University,http://modules.ussquash.com/ssm/pages/leagues/Team_Information.asp?id=13519,13519,7,Northeastern University,http://modules.ussquash.com/ssm/pages/leagues/Team_Information.asp?id=11398,11398,2
76245,02/14/15,Northeastern University,http://modules.ussquash.com/ssm/pages/leagues/Team_Information.asp?id=11398,11398,4,"Minnesota, University of",http://modules.ussquash.com/ssm/pages/leagues/Team_Information.asp?id=11426,11426,4
66862,11/07/14,Haverford College,http://modules.ussquash.com/ssm/pages/leagues/Team_Information.asp?id=11397,11397,8,New York University,http://modules.ussquash.com/ssm/pages/leagues/Team_Information.asp?id=11394,11394,0
66867,11/22/14,Haverford College,http://modules.ussquash.com/ssm/pages/leagues/Team_Information.asp?id=11397,11397,9,New York University,http://modules.ussquash.com/ssm/pages/leagues/Team_Information.asp?id=11394,11394,0
71262,11/22/14,University of Rochester,http://modules.ussquash.com/ssm/pages/leagues/Team_Information.asp?id=11422,11422,7,New York University,http://modules.ussquash.com/ssm/pages/leagues/Team_Information.asp?id=11394,11394,2
72748,12/07/14,Columbia University,http://modules.ussquash.com/ssm/pages/leagues/Team_Information.asp?id=11409,11409,9,New York University,http://modules.ussquash.com/ssm/pages/leagues/Team_Information.asp?id=11394,11394,0
75093,01/31/15,New York University,http://modules.ussquash.com/ssm/pages/leagues/Team_Information.asp?id=11394,11394,0,Dickinson College,http://modules.ussquash.com/ssm/pages/leagues/Team_Information.asp?id=11433,11433,9
76070,02/07/15,Fordham University,http://modules.ussquash.com/ssm/pages/leagues/Team_Information.asp?id=11428,11428,5,New York University,http://modules.ussquash.com/ssm/pages/leagues/Team_Information.asp?id=11394,11394,4
76239,02/13/15,New York University,http://modules.ussquash.com/ssm/pages/leagues/Team_Information.asp?id=11394,11394,5,"Minnesota, University of",http://modules.ussquash.com/ssm/pages/leagues/Team_Information.asp?id=11426,11426,3
76242,02/14/15,New York University,http://modules.ussquash.com/ssm/pages/leagues/Team_Information.asp?id=11394,11394,4,Northeastern University,http://modules.ussquash.com/ssm/pages/leagues/Team_Information.asp?id=11398,11398,5
76244,02/14/15,New York University,http://modules.ussquash.com/ssm/pages/leagues/Team_Information.asp?id=11394,11394,1,Boston University,http://modules.ussquash.com/ssm/pages/leagues/Team_Information.asp?id=13519,13519,8
66810,11/15/14,Northwestern University,http://modules.ussquash.com/ssm/pages/leagues/Team_Information.asp?id=11429,11429,8,"Minnesota, University of",http://modules.ussquash.com/ssm/pages/leagues/Team_Information.asp?id=11426,11426,1
71155,11/16/14,"Notre Dame, University of",http://modules.ussquash.com/ssm/pages/leagues/Team_Information.asp?id=11427,11427,1,"Minnesota, University of",http://modules.ussquash.com/ssm/pages/leagues/Team_Information.asp?id=11426,11426,7
75100,01/31/15,Northwestern University,http://modules.ussquash.com/ssm/pages/leagues/Team_Information.asp?id=11429,11429,7,"Minnesota, University of",http://modules.ussquash.com/ssm/pages/leagues/Team_Information.asp?id=11426,11426,1
75101,01/31/15,Northwestern University,http://modules.ussquash.com/ssm/pages/leagues/Team_Information.asp?id=11429,11429,7,"Minnesota, University of",http://modules.ussquash.com/ssm/pages/leagues/Team_Information.asp?id=11426,11426,1
76243,02/14/15,Boston University,http://modules.ussquash.com/ssm/pages/leagues/Team_Information.asp?id=13519,13519,9,"Minnesota, University of",http://modules.ussquash.com/ssm/pages/leagues/Team_Information.asp?id=11426,11426,0
74710,01/24/15,Bucknell University,http://modules.ussquash.com/ssm/pages/leagues/Team_Information.asp?id=11425,11425,7,"Notre Dame, University of",http://modules.ussquash.com/ssm/pages/leagues/Team_Information.asp?id=11427,11427,0
74708,01/24/15,Dickinson College,http://modules.ussquash.com/ssm/pages/leagues/Team_Information.asp?id=11433,11433,7,Fordham University,http://modules.ussquash.com/ssm/pages/leagues/Team_Information.asp?id=11428,11428,0
67712,11/16/14,Northwestern University,http://modules.ussquash.com/ssm/pages/leagues/Team_Information.asp?id=11429,11429,8,"Notre Dame, University of",http://modules.ussquash.com/ssm/pages/leagues/Team_Information.asp?id=11427,11427,1
74706,01/24/15,"Notre Dame, University of",http://modules.ussquash.com/ssm/pages/leagues/Team_Information.asp?id=11427,11427,3,Fordham University,http://modules.ussquash.com/ssm/pages/leagues/Team_Information.asp?id=11428,11428,6
